Comment,Designator,Footprint,LCSC
100nF,"C101,C102,C103,C104,C105,C106,C107,C202,C312",Capacitor_SMD:C_0603_1608Metric,C14663
10uF,"C114,C201,C207,C210,C320,C322",Capacitor_SMD:C_0805_2012Metric,C15850
110,"R101,R102,R103,R104,R105,R106,R107,R108,R109,R110,R111,R112,R113,R114,R115,R116,R117,R118,R119",Resistor_SMD:R_0603_1608Metric,C22781
12pF,"C111,C209,C211,C215",Capacitor_SMD:C_0603_1608Metric,C38523
Ferrite_Bead_Small,"L101,L102,L103,L104,L105,L106,L107,L108,L109,L110,L111,L112,L113,L114,L115,L116,L117,L118,L202,L301",Inductor_SMD:L_0603_1608Metric,C1002
74LVT245,"U105,U106,U107,U108",ZuluSCSI:SSOP_TSSOP-20_5.3x7.2mm_P0.65mm,C7057
74LVT125,"U101,U102,U103",ZuluSCSI:SSOP_TSSOP-14_4.4x5mm_Pitch0.65mm_PCBWay-MaskClearance0.22mm,C7042
1k,"R122,R123,R124,R125,R301,R321,R322,R323",Resistor_SMD:R_0603_1608Metric,C21190
4k7,"R126,R127,R128,R129,R205,R311,R312,R313,R314,R315,R316,R317,R318",Resistor_SMD:R_0603_1608Metric,C23162
D_Schottky,"D201,D202,D203,D204,D205",Diode_SMD:D_SOD-123,C8598
500mA Hold,F202,Fuse:Fuse_1206_3216Metric,C369160
2.2uH,L201,ZuluSCSI:Inductor_1008,C86092
510k,R201,Resistor_SMD:R_0603_1608Metric,C23192
100k,"R202,R203",Resistor_SMD:R_0603_1608Metric,C25803
220uF,"C203,C204,C205,C206",Capacitor_SMD:CP_Elec_6.3x7.7,C2887273
LM3674-ADJ,U201,Package_TO_SOT_SMD:TSOT-23-5,C52027
LED,D302,LED_SMD:LED_0805_2012Metric,C434435
62,"R304,R305,R306",Resistor_SMD:R_0603_1608Metric,C25252
SD_Card,CON401,ZuluSCSI:SD-FCI-10067847-001,C410353
SW_DIP_x03,SW1,Button_Switch_SMD:SW_DIP_SPSTx03_Slide_6.7x9.18mm_W8.61mm_P2.54mm_LowProfile,C319040
USB_OTG,P301,ZuluSCSI:USB_Micro-B_Amphenol_10118194_Horizontal,C132563
